AC44MT48,"ACO  4  4AG 1/2 CORT 4,8-45CM",FA88904,XYM652G,12
AC44MTC40,"ACO 4 4AG 1/2 CORT TC 4,0-45CM",,M663G,12
AC44MTC48,"ACO 4 4AG 1/2 CORT TC 4,8-45CM",,XYM651G,12
AC54MT48,"ACO  5  4AG 1/2 CORT 4,8-45CM",FA88905,XYM653G,12
AC54MTC48,"ACO 5 4AG 1/2 CORT TC 4,8-45CM",FA8895E,XYM650G,12
AC64MT48,"ACO  6  4AG 1/2 CORT 4,8-45CM",FA88906,XYM654G,12
AC64MTC48,"ACO 6 4AG 1/2 CORT TC 4,8-45CM",,,12
AC0SA60,ACO  0  S/AG 3X60CM,FA910,BSS26T,24
AC1SA60,ACO  1  S/AG 3X60CM,FA901,BSS25T,24
AC20SA60,ACO 2-0 S/AG 3X60CM,FA920,BSS28T,24
AC0MR25S3,"ACO 0 AG 1/2 CIL 2,5-60CM S300",FA54910,M626G,12
AC14MR26,"ACO 1 4AG 1/2 CIL 2,6-45CM",FA54901,M625G,12
AC14MT35,"ACO 1 4AG 1/2 CORT 3,5-45CM",FA56901,,12
LN0CR30G,"LINHO  0  AG3/8 CIL3,0-75CM",LC15810,G635T,24
LN1CR30G,"LINHO  1  AG3/8 CIL3,0-75CM",LC15801,,24
LN20CR30G,"LINHO 2-0 AG 3/8 CIL 3,0-75CM",LC15820,G634T,24
LN30CR30G,"LINHO 3-0 AG 3/8 CIL 3,0-75CM",LC15830,G633T,24
LN0SA45,LINHO  0  S/AG 15X45CM,LC810,SFL95T,24
LN1SA45,LINHO  1  S/AG 15X45CM,LC801,SFL96T,24
LN20SA45,LINHO 2-0 S/AG 15X45CM,LC820,SFL94T,24
LN30SA45,LINHO 3-0 S/AG 15X45CM,LC830,SFL93T,24
SD0CR30G,"SEDA  0  AG3/8 CIL3,0-75CM",SP15410,G814T,24
SD1MR35G,"SEDA  1  AG1/2 CIL3,5-75CM",,,24
SD20CR30G,"SEDA 2-0 AG3/8 CIL3,0-75CM",SP15420,G813T,24
SD30CR30G,"SEDA 3-0 AG3/8 CIL3,0-75CM",SP15430,G812T,24
SD30MR20G,"SEDA 3-0 AG1/2 CIL2,0-75CM",,,24
SD40MR20G,"SEDA 4-0 AG1/2 CIL2,0-75CM",SP23440,,24
SD0SA45,SEDA  0  S/AG 15X45CM,SP410,SSP15T,24
SD1SA45,SEDA  1  S/AG 15X45CM,SP401,SSP16T,24
SD20SA45,SEDA  2-0  S/AG 15X45CM,SP420,SSP14T,24
SD30SA45,SEDA 3-0 S/AG 15X45CM,SP430,SSP13T,24
SD40SA45,SEDA 4-0 S/AG 15X45CM,SP440,SSP12T,24
SD40MT15AP,"SEDA 4-0 AG1/2 COR1,5-45CM",,1187T,24
SD50MT15AP,"SEDA 5-0 AG1/2 COR1,5-45CM",,P1686T,24
SD60CT11AP,"SEDA 6-0 AG3/8 COR1,1-45CM",,P639T,24
SD60MT15AP,"SEDA 6-0 AG1/2 COR1,5-45CM",,P1685T,24
SD0CT30S3,"SEDA 0 AG3/8 COR3,0-45CM S3",SP45410,,24
SD20CT25S3,"SEDA 2-0 AG3/8 COR2,5-45CM S3",SP44420,,24
SD20CT30S3,"SEDA 2-0 AG3/8 COR3,0-45CM S3",,,24
SD30CT25S3,"SEDA 3-0 AG3/8 COR2,5-45CM S3",SP44430,,24
SD30CT30S3,"SEDA 3-0 AG3/8 COR3,0-45CM S3",,,24
SD30MT30S3,"SEDA 3-0 AG1/2 COR3,0-45CM S3",,,24
SD30CT20S3,"SEDA 3-0 AG3/8 COR2,0-45CM S3",SP43430,,24
SD30MT17S3,"SEDA 3-0 AG1/2 COR1,7-45CM S3",SP82430E,D2762T,24
SD30MT20S3,"SEDA 3-0 AG1/2 COR2,0-45CM S3",SP53430E,D2763T,24
SD40CT20S3,"SEDA 4-0 AG3/8 COR2,0-45CM S3",SP43440,,24
SD40MT17S3,"SEDA 4-0 AG1/2 COR1,7-45CM S3",SP82440E,D2764T,24
SD50CT20S3,"SEDA 5-0 AG3/8 COR2,0-45CM S3",SP43450,,24
AA0CR30G,"ALGODAO 0 AG3/8 CIL3,0-75CM",AA15510,PA425T,24
AA0MR35EG,"ALGODAO 0 AG1/2 CIL3,5-45CM",AA26510,P21T,24
AA0MR40G,"ALGODAO 0 AG1/2 CIL4,0-75CM",,,24
AA203MR25EG,"ALGOD 2-0 AG1/2 CIL2,5-3X45CM",3AA24520,3P22T,24
AA20CR30G,"ALGODAO 2-0 AG3/8 CIL3,0-75CM",AA15520,PA424T,24
AA20MR25EG,"ALGODAO 2-0 AG1/2 CIL2,5-45CM",AA24520,P22T,24
AA303MR25EG,"ALGOD 3-0 AG1/2 CIL2,5-3X45CM",3AA24530,3P23T,24
AA30CR30G,"ALGODAO 3-0 AG3/8 CIL3,0-75CM",AA15530,PA423T,24
AA30MR25EG,"ALGODAO 3-0 AG1/2 CIL2,5-45CM",,P23T,24
AA40MR25EG,"ALGODAO 4-0 AG1/2 CIL2,5-45CM",,P24T,24
AA0SA45,ALGODAO 0  S/AG 15X45CM,AA510,SPA45T,24
AA20SA45,ALGODAO 2-0  S/AG 15X45CM,AA520,SPA44T,24
AA30SA45,ALGODAO 3-0  S/AG 15X45CM,AA530,SPA43T,24
AA40SA45,ALGODAO 4-0  S/AG 15X45CM,AA540,SPA42T,24
AA0CT30S3,"ALGODAO 0  AG3/8 COR3,0-45CM",AA45510,,24
AA0MT35S3,"ALGODAO 0  AG1/2 COR3,5-45CM",AA56510,P19T,24
AA203CT30S3,"ALGOD 2-0 3AG3/8 COR3,0-3X45CM",3AA45520,3P13T,24
AA20CT30S3,"ALGODAO 2-0  AG3/8 COR3,0-45CM",AA45520,P13T,24
AA30CT30S3,"ALGODAO 3-0 AG3/8 COR3,0-45CM",AA45530,P14T,24
NL0CT19S3,"NYLON 0 AG3/8 COR1,9-45CM",NP43310,14505T,24
NL0CT24S3,"NYLON 0 AG3/8 COR2,4-45CM",,,24
NL0CT30S3,"NYLON 0 AG3/8 COR3,0-45CM",NP45310,,24
NL0CT40S3,"NYLON 0 AG3/8 COR4,0-45CM",NP47310,,24
NL1CT30S3,"NYLON 1 AG3/8 COR3,0-45CM",,,24
NL1CT40S3,"NYLON 1 AG3/8 COR4,0-45CM",,,24
NL203RT60S3,"NYLON 2-0 3AG RT COR6,0-3X75CM",,,24
NL20CT19S3,"NYLON 2-0 AG3/8 COR1,9-45CM",NP43320,14504T,24
NL20CT24S3,"NYLON 2-0 AG3/8 COR2,4-45CM",NP44320,,24
NL20CT30ES3,"NYLON 2-0 AG3/8 COR3,0-75CM",NP45320E,,24
NL20CT30S3,"NYLON 2-0 AG3/8 COR3,0-45CM",NP45320,1215T,24
NL20CT35S3,"NYLON 2-0 AG3/8 COR3,5-45CM",,1174T,24
NL20CT40S3,"NYLON 2-0 AG3/8 COR4,0-45CM",NP47320,,24
NL20RT60S3,"NYLON 2-0 AG RT COR6,0-75CM",NP69320E,,24
NL303RT60S3,"NYLON 3-0 3AG RT COR6,0-3X75CM",3NP69330,3627T,24
NL30CT19S3,"NYLON 3-0 AG3/8 COR1,9-45CM",NP43330,14503T,24
NL30CT24S3,"NYLON 3-0 AG3/8 COR2,4-45CM",NP84330,163T,24
NL30CT30ES3,"NYLON 3-0 AG3/8 COR3,0-75CM",NP45330E,,24
NL30CT30S3,"NYLON 3-0 AG3/8 COR3,0-45CM",NP45330,1171T,24
NL30CT35S3,"NYLON 3-0 AG3/8 COR3,5-45CM",,,24
NL30RT60S3,"NYLON 3-0 AG RT COR6,0-75CM",NP69330E,,24
NL403RT60S3,"NYLON 4-0 3AG RT COR6,0-3X75CM",3NP69340,3626T,24
NL40CT19S3,"NYLON 4-0 AG3/8 COR1,9-45CM",NP43340,14502T,24
NL40CT24S3,"NYLON 4-0 AG3/8 COR2,4-45CM",NP44340,1129T,24
NL40CT30ES3,"NYLON 4-0 AG3/8 COR3,0-75CM",NPN45340T,,24
NL40CT30S3,"NYLON 4-0 AG3/8 COR3,0-45CM",NP45340,1170T,24
NL40MT15S3,"NYLON 4-0 AG1/2 COR1,5-45CM",NP52340,,24
NL40MT26S3,"NYLON 4-0 AG1/2 COR2,6-45CM",NP54340,15502T,24
NL40RT60S3,"NYLON 4-0 AG RT COR6,0-75CM",NP69340E,,24
NL50CT19S3,"NYLON 5-0 AG3/8 COR1,9-45CM",NP43350,14501T,24
NL50MT15S3,"NL 5-0 AG 1/2 CORT 1,5-45CM S3",NP52350,,24
NL50MT26S3,"NYLON 5-0 AG1/2 COR2,6-45CM",NP54350,15501T,24
NL60CT19S3,"NYLON 6-0 AG3/8 COR1,9-45CM",NP43360,14500T,24
NL60MT16S3,"NYLON 6-0 AG1/2 COR1,6-45CM",NP52360,13500T,24
NL0MR40S3,"NYLON 0 AG1/2 CIL4,0-75CM",NP27310,,24
NL20CR30S3,"NYLON 2-0 AG3/8 CIL3,0-75CM",,,24
NL30CR30S3,"NYLON 3-0 AG3/8 CIL3,0-75CM",,,24
NL30MR35S3,"NYLON 3-0 AG1/2 CIL3,5-75CM",NP86330,V4653T,24
NL40MR20S3,"NYLON 4-0 AG1/2 CIL2,0-75CM",NP23340,V4452T,24
NL40MR26S3,"NYLON 4-0 AG1/2 CIL2,6-75CM",,V8552T,24
NL50CR13S3,"NYLON 5-0 AG3/8 CIL1,3-75CM",NP11350,V2351T,24
NL30CT19IS3,"NYLON 3-0 AG3/8 COR1,9-45CM",,,24
NL40CT19IS3,"NYLON 4-0 AG3/8 COR1,9-45CM",NB43340,,24
NL0MR40L,"NYLON 0 AG1/2 CIL4,0-150CM-LAC",NP87310,L886T,24
NL20MR40L,"NYL 2-0 AG1/2 CIL4,0-150CM-LAC",,,24
NL10CR38,"NYLON 10-0 AG3/8 CIL0,38-13CM",,2820G,12
NL10CR50,"NYLON 10-0 AG3/8 CIL0,5-15CM",NPM5010,W2814,12
NL80CR65,"NYLON 8-0 AG3/8 CIL0,65-15CM",NPM6580,W2808,12
NL90CR65,"NYLON 9-0 AG3/8 CIL0,65-15CM",NPM6590,2809G,12
NL20MT26S3,"NYLON 2-0 AG1/2 COR2,6-45CMS3",NP54320,N2035T,24
NL50MR10E,"NYLON 5-0 AG1/2 CIL1,0-75CM",NP21350,N5002T,24
NL0SA150,"NYLON 0 S/AG 1,5M",NP15010,FN505T,24
NL1SA150,"NYLON 1 S/AG 1,5M",,,24
NL20SA150,"NYLON 2-0 S/AG 1,5M",NP15020,FN504T,24
NL30SA150,"NYLON 3-0 S/AG 1,5M",NP15030,FN503T,24
NL40SA150,"NYLON 4-0 S/AG 1,5M",NP15040,FN502T,24
NL50SA150,"NYLON 5-0 S/AG 1,5M",,,24
PEV20RMR26,"POLIEST 2-0 AG1/2 CIL2,6-20CM",,,12
PEV20RWR20,"POLIEST 2-0 AG1/6 CIL2,0-20CM",PLSK2620,E7217G,12
PEV1MT36O,"POLIEST 1 AG 1/2 COR3,6-75CM",PL58701,X538T,24
PEV2MT40O,"POLIEST 2 AG 1/2 COR4,0-75CM",PL27702,X520T,24
PEV54MTC48O,"POLI 5 4AG 1/2 TC 4,8-75CM",PL88705,XYMB46G,12
PEV5MTC48O,"POLI 5 AG 1/2 TC 4,8-75CM",,,12
PEV0SA45,POLIEST VERDE 0 S/AG 15X45CM,PL710,SMV75T,24
PEV20SA45,POLIEST VERDE 2-0 S/AG 15X45CM,PL720,SMV74T,24
PEV30SA45,POLIEST VERDE 3-0 S/AG 15X45C,PL730,SMV73T,24
PEV40SA45,POLIEST VERDE 4-0 S/AG 15X45C,PL740,,24
PL20CR30G,"POLIPRO 2-0 AG3/8 CIL3,0-75CM",PP15620,8513T,24
PL30CR30G,"POLIPRO 3-0 AG3/8 CIL3,0-75CM",PP15630,8512T,24
PL30MR25G,"POLIPRO 3-0 AG1/2 CIL2,5-75CM",PP24630,8832T,24
PL40MR25G,"POLIPRO 4-0 AG1/2 CIL2,5-75CM",PP24640,8831T,24
PL0MR25R,"POLIPRO 0 AG1/2 CIL2,5-75CM",PP84610,8412T,24
PL0MR35R,"POLIPRO 0 AG1/2 CIL3,5-75CM",PP26610,8424T,24
PL0MR40R,"POLIPRO 0 AG1/2 CIL4,0-75CM",PP27610,8434T,24
PL1MR35R,"POLIPRO 1 AG1/2 CIL3,5-75CM",,,24
PL1MR40R,"POLIPRO 1 AG1/2 CIL4,0-75CM",,,24
PL20MR25R,"POLIPRO 2-0 AG1/2 CIL2,5-75CM",PP84620,8411T,24
PL20MR35R,"POLIPRO 2-0 AG1/2 CIL3,5-75CM",PP26620,8423T,24
PL20MR40R,"POLIPRO 2-0 AG1/2 CIL4,0-75CM",,,24
PL23CT75R,"POLIPRO 2 3AG3/8 COR7,5-3X50C",PP48602,3846G,12
PL2CT75R,"POLIPRO 2 AG3/8 COR7,5-50CM",PP48602E,,12
CC0CR30G,"C CROM 0 AG3/8 CIL3,0-75CM",CC15210,G114T,24
CC0MR25G,"C CROM 0 AG1/2 CIL2,5-75CM",CC24210,G124T,24
CC0MR30G,"C CROM 0 AG1/2 CIL3,0-75CM",CC25210,G165T,24
CC1CR30G,"C CROM 1 AG3/8 CIL3,0-75CM",CC15201,G115T,24
CC20CR30G,"C CROM 2-0 AG3/8 CIL3,0-75CM",CC15220,G113T,24
CC20MR20G,"C CROM 2-0 AG1/2 CIL2,0-75CM",CC23220,,24
CC20MR25G,"C CROM 2-0 AG1/2 CIL2,5-75CM",CC24220,G123T,24
CC20MR30G,"C CROM 2-0 AG1/2 CIL3,0-75CM",CC25220,G164T,24
CC20MR35G,"C CROM 2-0 AG1/2 CIL3,5-75CM",CC86220,G127T,24
CC30CR30G,"C CROM 3-0 AG3/8 CIL3,0-75CM",CC15230,G112T,24
CC30MR20G,"C CROM 3-0 AG1/2 CIL2,0-75CM",CC23230,G182T,24
CC30MR25G,"C CROM 3-0 AG1/2 CIL2,5-75CM",CC24230,G122T,24
CC30MR35G,"C CROM 3-0 AG1/2 CIL3,5-75CM",CC86230,,24
CC40CR30G,"C CROM 4-0 AG3/8 CIL3,0-75CM",CC15240,,24
CC40MR20G,"C CROM 4-0 AG1/2 CIL2,0-75CM",CC23240,G181T,24
CC40MR25G,"C CROM 4-0 AG1/2 CIL2,5-75CM",CC24240,,24
CC50MR20G,"C CROM 5-0 AG1/2 CIL2,0-75CM",CC23250,,24
CC0MR35R,"C CROM 0 AG1/2 CIL3,5-75CM",CC26210,812T,24
CC0MR40L,"C CROM 0 AG1/2 CIL4,0-1,5M-LAC",CC87210,1802T,24
CC0MR40R,"C CROM 0 AG1/2 CIL4,0-75CM",CC27210,802T,24
CC0MR50ER,"C CROM 0 AG1/2 CIL5,0-90CM",CC29210,904T,24
CC0MR50R,"C CROM 0 AG1/2 CIL5,0-75CM",CCN29210,VE,24
CC1MR40L,"C CROM 1 AG1/2 CIL4,0-1,5M-LAC",,,24
CC1MR40R,"C CROM 1 AG1/2 CIL4,0-75CM",CC27201,803T,24
CC1MR50ER,"C CROM 1 AG1/2 CIL5,0-90CM",CC29201,905T,24
CC1MR50R,"C CROM 1 AG1/2 CIL5,0-75CM",,,24
CC20MR25R,"C CROM 2-0 AG1/2 CIL2,5-75CM",CC94220,883T,24
CC20MR40L,"C CROM 2-0 AG1/2 CIL4,0-1,5M-L",CC87220,1801T,24
CC20MR40R,"C CROM 2-0 AG1/2 CIL4,0-75CM",CC27220,801T,24
CC0SA150,C CROM 0 S/AG 150CM BOBIN,CC15010E,CC125T,24
CC1SA150,C CROM 1 S/AG 150CM BOBIN,CC15001E,CC126T,24
CC20SA150,C CROM 2-0 S/AG 150CM BOBIN,CC15020E,CC124T,24
CC1MO90,"C CROM 1 AG1/2 ROM 9,0-75CM",CC89201,XY48G,12
CC40MR15,"C CROM 4-0 AG1/2 CIL1,5-75CM",CC22240,U203T,24
CC50MR15,"C CROM 5-0 AG1/2 CIL1,5-75CM",CC22250,U202T,24
CC40MT15S3,"C CROM 4-0 AG1/2 COR1,5-75CMS3",CC52240,,24
CC50MT15S3,"C CROM 5-0 AG1/2 COR1,5-75CMS3",,,24
CS20CR20,"BIOGUT S 2-0 3/8 R 2,0-75CM",CS13120,A2414T,24
CS0CR30G,"BIOGUT S 0 3/8 R 3,0-75CM",CS15110,G314T,24
CS0MR30G,"BIOGUT S 0 1/2 R 3,0-75CM",CS25110,G365T,24
CS0MR35G,"BIOGUT S 0 1/2 R 3,5-75CM",CS86110,G344T,24
CS1CR30G,"BIOGUT S 1 3/8 R 3,0-75CM",CS15101,G315T,24
CS20CR30G,"BIOGUT S 2-0 3/8 R 3,0-75CM",CS15120,G313T,24
CS20MR20G,"BIOGUT S 2-0 1/2 R 2,0-75CM",CS23120,,24
CS20MR25G,"BIOGUT S 2-0 1/2 R 2,5-75CM",CS24120,G323T,24
CS20MR30G,"BIOGUT S 2-0 1/2 R 3,0-75CM",CS25120,G364T,24
CS20MR35G,"BIOGUT S 2-0 1/2 R 3,5-75CM",CS86120,G343T,24
CS30CR30G,"BIOGUT S 3-0 3/8 R 3,0-75CM",CS15130,G312T,24
CS30MR20G,"BIOGUT S 3-0 1/2 R 2,0-75CM",CS23130,G318T,24
CS30MR25G,"BIOGUT S 3-0 1/2 R 2,5-75CM",CS24130,G322T,24
CS30MR30G,"BIOGUT S 3-0 1/2 R 3,0-75CM",CS25130,G363T,24
CS40CR30G,"BIOGUT S 4-0 3/8 R 3,0-75CM",CS15140,,24
CS40MR20G,"BIOGUT S 4-0 1/2 R 2,0-75CM",CS23140,G319T,24
CS40MR25G,"BIOGUT S 4-0 1/2 R 2,5-75CM",CS24140,,24
CS40MR30G,"BIOGUT S 4-0 1/2 R 3,0-75CM",CS25140,G362T,24
CS50MR20G,"BIOGUT 5-0 S 1/2 R 2,0-75CM",CS23150,G320T,24
CS0MR35R,"BIOGUT S 0 1/2 R 3,5-75CM",CS26110,,24
CS0MR40L,"BIOGUT S 0 1/2 R 4,0-1,5M L",CS87110,1854T,24
CS0MR40R,"BIOGUT S 0 1/2 R 4,0-75CM",CS27110,854T,24
CS0MR50ER,"BIOGUT S 0 1/2 R 5,0-90CM",CS29110,1871T,24
CS0MR50R,"BIOGUT S 0 1/2 R 5,0-75CM",CSN29110V,E,24
CS1MR40R,"BIOGUT S 1 1/2 R 4,0-75CM",CS27101,,24
CS1MR50R,"BIOGUT S 1 1/2 R 5,0-75CM",,,24
CS20MR35R,"BIOGUT S 2-0 AG1/2 R 3,5-75CM",CS26120,843T,24
CS20MR40L,"BIOGUT S 2-0 1/2 R 4,0-1,5",CS87120,1853T,24
CS20MR40R,"BIOGUT S 2-0 1/2 4,0-75CM",CS27120,853T,24
CS20MR50R,"BIOGUT S 2-0 1/2 R 5,0-75CM",CSN29120V,E,24
CS30MR40,"BIOGUT S 3-0 1/2 R 4,0-75CM",,,24
CS0SA150,BIOGUT S 0 S/AG 150CM,CS15010E,CS105T,24
CS20SA150,BIOGUT S 2-0 S/AG 150CM,CS15020E,CS104T,24
CS30SA150,BIOGUT S 3-0 S/AG 150CM,CS15030E,CS103T,24
CS40MR15,"BIOGUT S 4-0 1/2 R 1,5-75CM",CS22140,U207T,24
CS50MR15,"BIOGUT S 5-0 1/2 R 1,5-75CM",CS22150,U208T,24
CS30MT17S3,"BIOGUT S 3-0 1/2 T 1,7-75CMS3",,,24
CS40MT15S3,"BIOGUT S 4-0 1/2 T 1,5-75CMS3",CS52140,,24
CS50MT15S3,"BIOGUT S 5-0 1/2 T 1,5-75CMS3",CS52150,,24
ABS0CR30G,"ABS PGA 0 AG3/8 CIL3,0-70CM",151000,J408H,36
ABS0MR26G,"ABS PGA 0 AG1/2 CIL2,6-70CM",241000,J318H,36
ABS0MR30G,"ABS PGA 0 AG1/2 CIL3,0-70CM",251000,,36
ABS0MR35G,"ABS PGA 0 AG1/2 CIL3,5-70CM",861000,J324H,36
ABS20CR30G,"ABS PGA 2-0 AG3/8 CIL3,0-70CM",151020,J407H,36
ABS20MR26G,"ABS PGA 2-0 AG1/2 CIL2,6-70CM",241020,XYJ317H,36
ABS20MR30G,"ABS PGA 2-0 AG1/2 CIL3,0-70CM",251020,J135H,36
ABS20MR35G,"ABS PGA 2-0 AG1/2 CIL3,5-70CM",861020,XYJ323H,36
ABS30CR30G,"ABS PGA 3-0 AG3/8 CIL3,0-70CM",151030,J406H,36
ABS30MR20G,"ABS PGA 3-0 AG1/2 CIL2,0-70CM",231030,XYJ311H,36
ABS30MR26G,"ABS PGA 3-0 AG1/2 CIL2,6-70CM",241030,XYJ316H,36
ABS30MR30G,"ABS PGA 3-0 AG1/2 CIL3,0-70CM",251030,,36
ABS30MR35G,"ABS PGA 3-0 AG1/2 CIL3,5-70CM",,XYJ322H,36
ABS40MR20G,"ABS PGA 4-0 AG1/2 CIL2,0-70CM",231040,XYJ310H,36
ABS40MR25G,"ABS PGA 4-0 AG1/2 CIL2,5-70CM",241040,XYJ315H,36
ABS40MR30G,"ABS PGA 4-0 AG1/2 CIL3,0-70CM",,,36
ABS50MR25G,"ABS PGA 5-0 AG1/2 CIL2,5-70CM",,J314H,36
ABS0CT30S3,"ABS PGA 0 AG3/8 COR3,0-70CMS3",451000,J187H,36
ABS20CT30S3,"ABS PGA 2-0 AG3/8 COR3,0-70CM",451020,J186H,36
ABS30MT20S3,"ABS PGA 3-0 AG1/2 COR2,0-70CM",531030,J160H,36
ABS50MT16AP,"ABS PGA 5-0 AG1/2 COR1,6-45CM",,,12
ABS60MT16AP,"ABS PGA 6-0 AG1/2 COR1,6-45CM",,,12
ABS0MR25R,"ABS PGA 0 AG1/2 CIL2,5-70CM",841000,XYJ334H,36
ABS0MR37R,"ABS PGA 0 AG1/2 CIL3,7-70CM",261000,XYJ340H,36
ABS0MR40L,"ABSPGA 0 AG1/2 CIL4,0-1,5M-LAC",871000,JL352H,36
ABS0MR40R,"ABS PGA 0 AG1/2 CIL4,0-70CM",271000,XYJ352H,36
ABS0MR48ER,"ABS PGA 0 AG1/2 CIL4,8-90CM",281000,XYJ370H,36
ABS0MT35R,"ABS PGA 0 AG1/2 COR3,5-70CM",561000,J167H,36
ABS0MT40R,"ABS PGA 0 AG1/2 COR4,0-70CM",,,36
ABS1CR30R,"ABS PGA 1 AG3/8 CIL3,0-70CM",,,36
ABS1MR37R,"ABS PGA 1 AG1/2 CIL3,7-70CM",261001,XYJ341H,36
ABS1MR40L,"ABSPGA 1 AG1/2 CIL4,0-1,5M-LAC",,,36
ABS1MR40R,"ABS PGA 1 AG1/2 CIL4,0-70CM",271001,XYJ353H,36
ABS1MR48ER,"ABS PGA 1 AG1/2 CIL4,8-90CM",281001,XYJ371H,36
ABS1MT37R,"ABS PGA 1 AG1/2 COR3,7-70CM",561001,J168H,36
ABS20MR25R,"ABS PGA 2-0 AG1/2 CIL2,5-70CM",841020,XYJ333H,36
ABS20MR37R,"ABS PGA 2-0 AG1/2 CIL3,7-70CM",261020,XYJ339H,36
ABS20MR40L,"ABSPGA 2-0 AG1/2 CIL4,0-1,5M-L",,JL351H,36
ABS20MR40R,"ABS PGA 2-0 AG1/2 CIL4,0-70CM",271020,XYJ351H,36
ABS20MT35R,"ABS PGA 2-0 AG1/2 COR3,5-70CM",561020,J166H,36
ABS30MR25R,"ABS PGA 3-0 AG1/2 CIL2,5-70CM",841030,XYJ332H,36
ABS30MR37R,"ABS PGA 3-0 AG1/2 CIL3,7-70CM",261030,XYJ338H,36
ABS1MT37O,"ABS PGA 1 AG1/2 COR3,7-70CM",861001,XYJ535H,36
ABS2MT40O,"ABS PGA 2 AG1/2 COR4,0-70CM",571002,J536H,36
ABS0UR37,"ABS PGA 0 AG5/8 CIL3,7-70CM",361000,XYJ376H,36
ABS20UR37,"ABS PGA 2-0 AG5/8 CIL3,7-70CM",361020,XYJ375H,36
ABS30UR37,"ABS PGA 3-0 AG5/8 CIL3,7-70CM",361030,J374H,36
ABS40MR15,"ABS PGA 4-0 AG1/2 CIL1,5-70CM",221040,XYJ304H,36
ABS50MR15,"ABS PGA 5-0 AG1/2 CIL1,5-70CM",221050,XYJ303H,36
ABS50MR20,"ABS PGA 5-0 AG1/2 CIL2,0-70CM",,,36
ABS60MR15,"ABS PGA 6-0 AG1/2 CIL1,5-70CM",221060,J302H,36
ABS20CT30IES3,"ABS PGA 2-0 AG3/8 COR3,0-70CM",,,36
ABS30CT19IES3,"ABS PGA 3-0 AG3/8 COR1,9-70CM",133030E,J123H,36
ABS30CT24IES3,"ABS PGA 3-0 AG3/8 COR2,4-70CM",,,36
ABS30CT24IS3,"ABS PGA 3-0 AG3/8 COR2,4-45CM",143030,,36
ABS30CT30IS3,"ABS PGA 3-0 AG3/8 COR3,0-45CM",,,36
ABS40CT19IES3,"ABS PGA 4-0 AG3/8 COR1,9-70CM",133040E,J122H,36
ABS40CT24IS3,"ABS PGA 4-0 AG3/8 COR2,4-45CM",,,36
ABS40MT16IS3,"ABS PGA 4-0 AG1/2 COR1,6-45CM",,,36
ABS50CT19IES3,"ABS PGA 5-0 AG3/8 COR1,9-70CM",133050E,J121H,36
ABS50MT16IS3,"ABS PGA 5-0 AG1/2 COR1,6-45CM",,,36
ABS60MT16IS3,"ABS PGA 6-0 AG1/2 COR1,6-45CM",,,36
PGLA0CR30G,"PGLA-910 0 AG3/8 CIL3,0-70CM",158000,J408H,36
PGLA0MR26G,"PGLA-910 0 AG1/2 CIL2,6-70CM",248000,J318H,36
PGLA0MR30G,"PGLA-910 0 AG1/2 CIL3,0-70CM",,,36
PGLA0MR35G,"PGLA-910 0 AG1/2 CIL3,5-70CM",868000,J324H,36
PGLA20CR30G,"PGLA-910 2-0 AG3/8 CIL3,0-70CM",158020,J407H,36
PGLA20MR26G,"PGLA-910 2-0 AG1/2 CIL2,6-70CM",248020,XYJ317H,36
PGLA20MR30G,"PGLA-910 2-0 AG1/2 CIL3,0-70CM",258020MT,J135H,36
PGLA20MR35G,"PGLA-910 2-0 AG1/2 CIL3,5-70CM",868020,XYJ323H,36
PGLA30CR30G,"PGLA-910 3-0 AG3/8 CIL3,0-70CM",158030,J406H,36
PGLA30MR20G,"PGLA-910 3-0 AG1/2 CIL2,0-70CM",838030,XYJ311H,36
PGLA30MR26G,"PGLA-910 3-0 AG1/2 CIL2,6-70CM",248030,XYJ316H,36
PGLA30MR30G,"PGLA-910 3-0 AG1/2 CIL3,0-70CM",258030MT,,36
PGLA30MR35G,"PGLA-910 3-0 AG1/2 CIL3,5-70CM",868030,XYJ322H,36
PGLA40MR20G,"PGLA-910 4-0 AG1/2 CIL2,0-70CM",838040,XYJ310H,36
PGLA40MR25G,"PGLA-910 4-0 AG1/2 CIL2,5-70CM",248040,XYJ315H,36
PGLA40MR30G,"PGLA-910 4-0 AG1/2 CIL3,0-70CM",,,36
PGLA50MR25G,"PGLA-910 5-0 AG1/2 CIL2,5-70CM",248050,J314H,36
PGLA0CT30S3,"PGLA-910 0 AG3/8 COR3,0-70CM",458000,J187H,36
PGLA20CT30S3,"PGLA-910 2-0 AG3/8 COR3,0-70CM",458020,J186H,36
PGLA30MT20S3,"PGLA-910 3-0 AG1/2 COR2,0-70CM",538030,J160H,36
PGLA50MT16AP,"PGLA-910 5-0 AG1/2 COR1,6-45CM",,,12
PGLA0MR25R,"PGLA-910 0 AG1/2 CIL2,5-70CM",848000,XYJ334H,36
PGLA0MR37R,"PGLA-910 0 AG1/2 CIL3,7-70CM",268000,XYJ340H,36
PGLA0MR40L,"PGLA-910 0 AG1/2 CIL4,0-1,5M-L",878000,JL352H,36
PGLA0MR40R,"PGLA-910 0 AG1/2 CIL4,0-70CM",278000,XYJ352H,36
PGLA0MR48ER,"PGLA-910 0 AG1/2 CIL4,8-90CM",288000,XYJ370H,36
PGLA0MT35R,"PGLA-910 0 AG1/2 COR3,5-70CM",568000,J167H,36
PGLA0MT40R,"PGLA-910 0 AG1/2 COR4,0-70CM",,,36
PGLA1CR30R,"PGLA-910 1 AG3/8 CIL3,0-70CM",,,36
PGLA1MR37R,"PGLA-910 1 AG1/2 CIL3,7-70CM",268001,XYJ341H,36
PGLA1MR40L,"PGLA-910 1 AG1/2 CIL4,0-1,5M-L",,,36
PGLA1MR40R,"PGLA-910 1 AG1/2 CIL4,0-70CM",278001,XYJ353H,36
PGLA1MR48ER,"PGLA-910 1 AG1/2 CIL4,8-90CM",288001,XYJ371H,36
PGLA1MR48R,"PGLA-910 1 AG1/2 CIL4,8-70CM",,,36
PGLA1MT37R,"PGLA-910 1 AG1/2 COR3,7-70CM",568001,J168H,36
PGLA20MR25R,"PGLA-910 2-0 AG1/2 CIL2,5-70CM",848020,XYJ333H,36
PGLA20MR37R,"PGLA-910 2-0 AG1/2 CIL3,7-70CM",268020,XYJ339H,36
PGLA20MR40L,"PGLA910 2-0 AG1/2 CIL4,0-1,5ML",,JL351H,36
PGLA20MR40R,"PGLA-910 2-0 AG1/2 CIL4,0-70CM",278020,XYJ351H,36
PGLA20MR48ER,"PGLA-910 2-0 AG1/2 CIL4,8-90CM",288020,XYJ369H,36
PGLA20MT35R,"PGLA-910 2-0 AG1/2 COR3,5-70CM",568020,J166H,36
PGLA30MR25R,"PGLA-910 3-0 AG1/2 CIL2,5-70CM",848030,XYJ332H,36
PGLA30MR37R,"PGLA-910 3-0 AG1/2 CIL3,7-70CM",268030,XYJ338H,36
PGLA1MT37O,"PGLA-910 1 AG1/2 COR3,7-70CM",,XYJ535H,36
PGLA2MT40O,"PGLA-910 2 AG1/2 COR4,0-70CM",578002,J536H,36
PGLA0UR37,"PGLA-910 0 AG5/8 CIL3,7-70CM",368000,XYJ376H,36
PGLA20UR26,"PGLA-910 2-0 AG5/8 CIL2,6-70CM",,J602H,36
PGLA20UR37,"PGLA-910 2-0 AG5/8 CIL3,7-70CM",368020,XYJ375H,36
PGLA30UR37,"PGLA-910 3-0 AG5/8 CIL3,7-70CM",368030,J374H,36
PGLA40MR15,"PGLA-910 4-0 AG1/2 CIL1,5-70CM",228040,XYJ304H,36
PGLA50MR15,"PGLA-910 5-0 AG1/2 CIL1,5-70CM",228050,XYJ303H,36
PGLA50MR20,"PGLA-910 5-0 AG1/2 CIL2,0-70CM",,,36
PGLA60MR15,"PGLA-910 6-0 AG1/2 CIL1,5-70CM",228060,J302H,36
PGLA20CT30IES3,"PGLA-910 2-0 AG3/8 COR3,0-70CM",,,36
PGLA30CT19IES3,"PGLA-910 3-0 AG3/8 COR1,9-70CM",439030,J123H,36
PGLA30CT24IES3,"PGLA-910 3-0 AG3/8 COR2,4-70CM",,,36
PGLA30CT24IS3,"PGLA-910 3-0 AG3/8 COR2,4-45CM",,,36
PGLA40CT19IES3,"PGLA-910 4-0 AG3/8 COR1,9-70CM",439040,J122H,36
PGLA40CT24IS3,"PGLA-910 4-0 AG3/8 COR2,4-45CM",,,36
PGLA40MT16IS3,"PGLA-910 4-0 AG1/2 COR1,6-45CM",,,36
PGLA50CT16IS3,"PGLA-910 5-0 AG3/8 COR1,6-45CM",,,36
PGLA50CT19IES3,"PGLA-910 5-0 AG3/8 COR1,9-70CM",439050,J121H,36
PGLA50MT16IS3,"PGLA-910 5-0 AG1/2 COR1,6-45CM",,,36
PGLA60MT16IS3,"PGLA-910 6-0 AG1/2 COR1,6-45CM",,,36
BII0CR30G,"BCRYL-II 0 AG3/8 CIL3,0-70CM",,XYVCP408H 36,
BII0MR26G,"BCRYL-II 0 AG1/2 CIL2,6-70CM",,XYVCP318H 36,
BII0MR35G,"BCRYL-II 0 AG1/2 CIL3,5-70CM",,XYVCP324H 36,
BII20CR30G,"BCRYL-II 2-0 AG3/8 CIL3,0-70CM",,XYVCP407H 36,
BII20MR26G,"BCRYL-II 2-0 AG1/2 CIL2,6-70CM",,XYVCP317H 36,
BII20MR30G,"BCRYL-II 2-0 AG1/2 CIL3,0-70CM",,,36
BII20MR35G,"BCRYL-II 2-0 AG1/2 CIL3,5-70CM",,XYVCP323H 36,
BII30CR30G,"BCRYL-II 3-0 AG3/8 CIL3,0-70CM",,XYVCP406H 36,
BII30MR20G,"BCRYL-II 3-0 AG1/2 CIL2,0-70CM",,XYVCP311H,36
BII30MR26G,"BCRYL-II 3-0 AG1/2 CIL2,6-70CM",,XYVCP316,H 36
BII30MR35G,"BCRYL-II 3-0 AG1/2 CIL3,5-70CM",,XYVCP322,H 36
BII40MR20G,"BCRYL-II 4-0 AG1/2 CIL2,0-70CM",,XYVCP310,H 36
BII40MR26G,"BCRYL-II 4-0 AG1/2 CIL2,6-70CM",,XYVCP315,H 36
BII40MR30G,"BCRYL-II 4-0 AG1/2 CIL3,0-70CM",,,36
BII50MR26G,"BCRYL-II 5-0 AG1/2 CIL2,6-70CM",,XYVCP314H 36,
BII0CT30S3,"BCRYL-II 0 AG3/8 COR3,0-70CM",,,36
BII20CT30S3,"BCRYL-II 2-0 AG3/8 COR3,0-70CM",,,36
BII30MT20S3,"BCRYL-II 3-0 AG1/2 COR2,0-70CM",,,36
BII20CT30IES3,"BCRYL-II 2-0 AG3/8 COR3,0-70CM",,,36
BII30CT19IES3,"BCRYL-II 3-0 AG3/8 COR1,9-70CM",,XYVCP123H 36,
BII40CT19IES3,"BCRYL-II 4-0 AG3/8 COR1,9-70CM",,XYVCP122H 36,
BII50CT19IES3,"BCRYL-II 5-0 AG3/8 COR1,9-70CM",,,36
BII0MR25R,"BCRYL-II 0 AG1/2 CIL2,5-70CM",,XYVCP334H 36,
BII0MR37R,"BCRYL-II 0 AG1/2 CIL3,7-70CM",,XYVCP340H 36,
BII0MR40L,"BCRYL-II 0 AG1/2 CIL4,0-1,5M-L",,,36
BII0MR40R,"BCRYL-II 0 AG1/2 CIL4,0-70CM",,XYVCP352H 36,
BII0MR48ER,"BCRYL-II 0 AG1/2 CIL4,8-90CM",,XYVCP370H 36,
BII0MT35R,"BCRYL-II 0 AG1/2 COR3,5-70CM",,XYVCP167H 36,
BII0MT40R,"BCRYL-II 0 AG1/2 COR4,0-70CM",,,36
BII1CR30R,"BCRYL-II 1 AG3/8 CIL3,0-70CM",,,36
BII1MR37R,"BCRYL-II 1 AG1/2 CIL3,7-70CM",,XYVCP341H 36,
BII1MR40R,"BCRYL-II 1 AG1/2 CIL4,0-70CM",,XYVCP353H 36,
BII1MR48ER,"BCRYL-II 1 AG1/2 CIL4,8-90CM",,XYVCP371H 36,
BII20MR25R,"BCRYL-II 2-0 AG1/2 CIL2,5-70CM",,XYVCP333H 36,
BII20MR37R,"BCRYL-II 2-0 AG1/2 CIL3,7-70CM",,XYVCP339H 36,
BII20MR40L,"BCRYL-II 2-0 AG1/2 CIL4,0-1,5M",,,36
BII20MR40R,"BCRYL-II 2-0 AG1/2 CIL4,0-70CM",,XYVCP351H 36,
BII20MR48ER,"BCRYL-II 2-0 AG1/2 CIL4,8-90CM",,XYVCP369H 36,
BII20MT35R,"BCRYL-II 2-0 AG1/2 COR3,5-70CM",,XYVCP166H 36,
BII30MR35R,"BCRYL-II 3-0 AG1/2 CIL3,5-70CM",,XYVCP338H 36,
BII30MR40R,"BCRYL-II 3-0 AG1/2 CIL4,0-70CM",,XYVCP350H 36,
BII1MT37O,"BCRYL-II 1 AG1/2 COR3,7-70CM",,XYVCP535H 36,
BII2MT40O,"BCRYL-II 2 AG1/2 COR4,0-70CM",,,36
BII0UR37,"BCRYL-II 0 AG5/8 CIL3,7-70CM",,XYVCP376H 36,
BII20UR26,"BCRYL-II 2-0 AG5/8 CIL2,6-70CM",,,36
BII20UR37,"BCRYL-II 2-0 AG5/8 CIL3,7-70CM",,XYVCP375H 36,
BII30UR37,"BCRYL-II 3-0 AG5/8 CIL3,7-70CM",,XYVCP374H 36,
BII40MR15,"BCRYL-II 4-0 AG1/2 CIL1,5-70CM",,XYVCP304H 36,
BII50MR15,"BCRYL-II 5-0 AG1/2 CIL1,5-70CM",,XYVCP303H 36,
BII50MR20,"BCRYL-II 5-0 AG1/2 CIL2,0-70CM",,,36
PDO20MR26G,"BIOPDO 2-0 AG1/2 CIL2,6-70CM",244020,Z317H,24
PDO30MR20G,"BIOPDO 3-0 AG1/2 CIL2,0-70CM",,Z311H,24
PDO30MR26G,"BIOPDO 3-0 AG1/2 CIL2,6-70CM",244030,Z316H,24
PDO40MR20G,"BIOPDO 4-0 AG1/2 CIL2,0-70CM",,Z310H,24
PDO40MR26G,"BIOPDO 4-0 AG1/2 CIL2,6-70CM",244040,Z315H,24
PDO502MR17,"BIOPDO 5-0 2AG1/2 CIL1,7-75CM",,Z320H,24
PDO602CR13,"BIOPDO 6-0 2AG3/8 CIL1,3-75CM",114060,Z127H,24
PDO702CR93,"BIOPDO 7-0 2AG3/8 CIL0,93-75CM",,Z135H,24
PDO0MR25R,"BIOPDO 0 AG1/2 CIL2,5-70CM",,Z334H,24
PDO0MR35ER,"BIOPDO 0 AG1/2 CIL3,5-90CM",,Z346H,24
PDO0MR35R,"BIOPDO 0 AG1/2 CIL3,5-70CM",,Z340H,24
PDO0MR40R,"BIOPDO 0 AG1/2 CIL4,0-70CM",274000,Z352H,24
PDO1MR35ER,"BIOPDO 1 AG1/2 CIL3,5-90CM",,Z347H,24
PDO1MR35R,"BIOPDO 1 AG1/2 CIL3,5-70CM",,Z341H,24
PDO1MR40ER,"BIOPDO 1 AG1/2 CIL4,0-90CM",,Z359T,24
PDO1MR40R,"BIOPDO 1 AG1/2 CIL4,0-70CM",274001,Z353H,24
PDO1MR48ER,"BIOPDO 1 AG1/2 CIL4,8-90CM",,Z371T,24
PDO1MR65L,"BIOPDO 1 AG1/2 CIL6,5-1,2CM-L",964001,,24
PDO20MR25R,"BIOPDO 2-0 AG1/2 CIL2,5-70CM",244020MT,Z333H,24
PDO20MR35R,"BIOPDO 2-0 AG1/2 CIL3,5-70CM",264020,Z339H,24
PDO30MR35R,"BIOPDO 3-0 AG1/2 CIL3,5-70CM",,Z338H,24
PDO4MTC48R,"BIOPDO 4 AG1/2 COR4,8-70CM",,,12
PDO0MT37O,"BIOPDO 0 AG1/2 COR3,7-70CM",,Z534T,24
PDO1MT20O,"BIOPDO 1 AG1/2 COR2,0-70CM",,Z695H,24
PGCL0CR31G,"PGCL-25 0 AG3/8 CIL3,1-70CM",,CF114T,24
PGCL0MR26G,"PGCL-25 0 AG1/2 CIL2,6-70CM",245010,CF124T,24
PGCL1CR31G,"PGCL-25 1 AG3/8 CIL3,1-70CM",,CF115T,24
PGCL20CR31G,"PGCL-25 2-0 AG3/8 CIL3,1-70CM",155020,CF113T,24
PGCL20MR26G,"PGCL-25 2-0 AG1/2 CIL2,6-70CM",245020,CF123T,24
PGCL20MR30G,"PGCL-25 2-0 AG1/2 CIL3,0-70CM",,,24
PGCL30CR31G,"PGCL-25 3-0 AG3/8 CIL3,1-70CM",155030,CF112T,24
PGCL30MR25G,"PGCL-25 3-0 AG1/2 CIL2,5-70CM",245030,CF122T,24
PGCL40CR31G,"PGCL-25 4-0 AG3/8 CIL3,1-70CM",,CF111T,24
PGCL40MR25G,"PGCL-25 4-0 AG1/2 CIL2,5-70CM",245040,CF121T,24
PGCL0MR35R,"PGCL-25 0 AG1/2 CIL3,5-70CM",265000,CF812T,24
PGCL0MR40R,"PGCL-25 0 AG1/2 CIL4,0-70CM",275000,CF802T,24
PGCL0MR48ER,"PGCL-25 0 AG1/2 CIL4,8-90CM",,CF904T,24
PGCL0MR48R,"PGCL-25 0 AG1/2 CIL4,8-70CM",,CF864T,24
PGCL1MR35R,"PGCL-25 1 AG1/2 CIL3,5-70CM",,CF813T,24
PGCL1MR40R,"PGCL-25 1 AG1/2 CIL4,0-70CM",275001,CF803T,24
PGCL1MR48ER,"PGCL-25 1 AG1/2 CIL4,8-90CM",,CF905T,24
PGCL20MR35R,"PGCL-25 2-0 AG1/2 CIL3,5-70CM",265020,CF811T,24
PGCL20MR40R,"PGCL-25 2-0 AG1/2 CIL4,0-70CM",275020,CF801T,24
PGCL30MR35R,"PGCL-25 3-0 AG1/2 CIL3,5-70CM",,CF810T,24
PGCL30MR17,"PGCL-25 3-0 AG1/2 CIL1,7-70CM",,CF204T,24
PGCL40MR15,"PGCL-25 4-0 AG1/2 CIL1,5-70CM",225040,,24
PGCL40MR17,"PGCL-25 4-0 AG1/2 CIL1,7-70CM",,CF203T,24
PGCL50MR15,"PGCL-25 5-0 AG1/2 CIL1,5-70CM",225050,,24
PGCL50MR17,"PGCL-25 5-0 AG1/2 CIL1,7-70CM",,CF202T,24
PGCL30CT19IES3,"PGCL-25 3-0 AG3/8 COR1,9-70CM",,,12
PGCL30CT24IES3,"PGCL-25 3-0 AG3/8 COR2,4-70CM",,,12
PGCL40CT19IES3,"PGCL-25 4-0 AG3/8 COR1,9-70CM",,,12
PGCL40CT19IS3,"PGCL-25 4-0 AG3/8 COR1,9-45CM",,,12
PGCL50CT19IS3,"PGCL-25 5-0 AG3/8 COR1,9-45CM",,,12
PL202MR22AP,"POLIPRO 2-0 2AG1/2 CIL2,2-75CM",2PP23620,9523T,24
PL202MR26AP,"POLIPRO 2-0 2AG1/2 CIL2,6-75CM",2PP24620,8723T,24
PL302MR17AP,"POLIPRO 3-0 2AG1/2 CIL1,7-75CM",2PP22630,9558T,24
PL302MR22AP,"POLIPRO 3-0 2AG1/2 CIL2,2-75CM",2PP23630,9522T,24
PL302MR26AP,"POLIPRO 3-0 2AG1/2 CIL2,6-75CM",2PP24630,8722T,24
PL302MR31EAP,"POLIPRO 3-0 2AG1/2 CIL3,1-90CM",2PP25630,8822T,24
PL402MR13AP,"POLIPRO 4-0 2AG1/2 CIL1,3-60CM",,8204T,24
PL402MR17AP,"POLIPRO 4-0 2AG1/2 CIL1,7-75CM",2PP22640,9557T,24
PL402MR22AP,"POLIPRO 4-0 2AG1/2 CIL2,2-75CM",,9521T,24
PL402MR26EAP,"POLIPRO 4-0 2AG1/2 CIL2,6-90CM",2PP24640,8521T,24
PL502MR10AP,"POLIPRO 5-0 2AG1/2 CIL1,0-75CM",2PP21650,7831T,24
PL502MR17AP,"POLIPRO 5-0 2AG1/2 CIL1,7-75CM",,9556T,24
PL602CR10AP,"POLIPRO 6-0 2AG3/8 CIL1,0-75CM",,M8709T,24
PL602CR13AP,"POLIPRO 6-0 2AG3/8 CIL1,3-75CM",2PP82660,M8706T,24
PL702CR10AP,"POLIPRO 7-0 2AG3/8 CIL1,0-75CM",2PP81670,M8703T,24
PL702CR93AP,"POLIPRO 7-0 2AG3/8 CIL0,93-60C",2PP11670,M8702T,24
PL802CR65AP,"POLIPRO 8-0 2AG3/8 CIL0,65-45C",,8730T,24
PEV02CR50,"POLIEST 0 2AG 3/8 CIL5,0-75CM",2PL19710,BR44T,24
PEV202MR20,"POLIEST 2-0 2AG1/2 CIL2,0-75CM",2PL23720,BR763T,24
PEV202MR22T,"POLI 2-0 2AG1/2 CIL2,2-75CM-TF",2PL8372E,BP93T,24
PEV302MR17,"POLIEST 3-0 2AG 1/2 CIL1,7-75C",,B552T,24
PEV302MR20,"POLIEST 3-0 2AG1/2 CIL2,0-75CM",2PL23730,BR762T,24
PEV302MR22T,"POLI 3-0 2AG1/2 CIL2,2-75CM-TF",2PL8373E,BP92T,24
PEV302MR26,"POLIEST 3-0 2AG1/2 CIL2,6-75CM",2PL24730,B562T,24
PEV402MR15,"POLIEST 4-0 2AG1/2 CIL1,5-75CM",2PL22740,B551T,24
PEV502MR15,"POLIEST 5-0 2AG1/2 CIL1,5-75CM",,B550T,24
ABS30CT19IAP,"ABS PGA 3-0 AG3/8 COR1,9-45CM",,,12
ABS30CT19IEAP,"ABS PGA 3-0 AG3/8 COR1,9-70CM",,,12
ABS30CT24IAP,"ABS PGA 3-0 AG3/8 COR2,4-45CM",441030XF,JP683G,12
ABS30CT24IEAP,"ABS PGA 3-0 AG3/8 COR2,4-70CM",,,12
ABS40CT19IAP,"ABS PGA 4-0 AG3/8 COR1,9-45CM",433040XF,JP496G,12
ABS40CT19IEAP,"ABS PGA 4-0 AG3/8 COR1,9-70CM",,,12
ABS40CT24IAP,"ABS PGA 4-0 AG3/8 COR2,4-45CM",,,12
ABS40CT24IEAP,"ABS PGA 4-0 AG3/8 COR2,4-70CM",,,12
ABS50CT19IAP,"ABS PGA 5-0 AG3/8 COR1,9-45CM",,,12
NL30CT19AP,"NYLON 3-0 AG3/8 COR1,9-45CM",,,24
NL30CT19EAP,"NYLON 3-0 AG3/8 COR1,9-70CM",,,24
NL30CT24AP,"NYLON 3-0 AG3/8 COR2,4-45CM",NPXF84330,P1663T,24
NL30CT24EAP,"NYLON 3-0 AG3/8 COR2,4-70CM",,,24
NL40CT19AP,"NYLON 4-0 AG3/8 COR1,9-45CM",NPXF83340,P1667T,24
NL40CT19EAP,"NYLON 4-0 AG3/8 COR1,9-70CM",,,24
NL40CT24AP,"NYLON 4-0 AG3/8 COR2,4-45CM",NPXF84340,P1664T,24
NL40CT24EAP,"NYLON 4-0 AG3/8 COR2,4-70CM",,,24
NL40MT16AP,"NYLON 4-0 AG1/2 COR1,6-45CM",NPXF52340,P1662T,24
NL50CT13AP,"NYLON 5-0 AG3/8 COR1,3-45CM",NPK42350V,P698T,24
NL50CT16AP,"NYLON 5-0 AG3/8 COR1,6-45CM",NPXF82350,P1668T,24
NL50CT19AP,"NYLON 5-0 AG3/8 COR1,9-45CM",NPXF83350,P1666T,24
NL50MT16AP,"NYLON 5-0 AG1/2 COR1,6-45CM",NPXF52350,P1661T,24
NL60CT13AP,"NYLON 6-0 AG3/8 COR1,3-45CM",,P1698T,24
NL60CT16AP,"NYLON 6-0 AG3/8 COR1,6-45CM",NPXF82360,P1665T,24
NL30CT19IAP,"NYLON 3-0 AG3/8 COR1,9-45CM",,,24
NL30CT19IEAP,"NYLON 3-0 AG3/8 COR1,9-70CM",,,24
NL30CT24IAP,"NYLON 3-0 AG3/8 COR2,4-45CM",,P1163T,24
NL30CT24IEAP,"NYLON 3-0 AG3/8 COR2,4-70CM",,,24
NL40CT19IAP,"NYLON 4-0 AG3/8 COR1,9-45CM",NBXF83340,P1611T,24
NL40CT19IEAP,"NYLON 4-0 AG3/8 COR1,9-70CM",,,24
NL40CT24IAP,"NYLON 4-0 AG3/8 COR2,4-45CM",,,24
NL40CT24IEAP,"NYLON 4-0 AG3/8 COR2,4-70CM",,,24
NL40MT16IAP,"NYLON 4-0 AG1/2 COR1,6-45CM",NBXF52340,P1603T,24
NL50CT16IAP,"NYLON 5-0 AG3/8 COR1,6-45CM",,,24
NL50CT19IAP,"NYLON 5-0 AG3/8 COR1,9-45CM",NBXF83350,,24
NL50MT16IAP,"NYLON 5-0 AG1/2 COR1,6-45CM",NBXF52350,P1602T,24
NL60CT16IAP,"NYLON 6-0 AG3/8 COR1,6-45CM",,,24
PGCL30CT19IAP,"PGCL-25 3-0 AG3/8 COR1,9-45CM",,,12
PGCL30CT19IEAP,"PGCL-25 3-0 AG3/8 COR1,9-70CM",935030XF,XYY427H,12
PGCL30CT24IAP,"PGCL-25 3-0 AG3/8 COR2,4-45CM",,,12
PGCL30CT24IEAP,"PGCL-25 3-0 AG3/8 COR2,4-70CM",945030XF,XYY936H,12
PGCL40CT19IAP,"PGCL-25 4-0 AG3/8 COR1,9-45CM",435040XF,XYY496G,12
PGCL40CT19IEAP,"PGCL-25 4-0 AG3/8 COR1,9-70CM",935040XF,XYY426H,12
PGCL40CT24IAP,"PGCL-25 4-0 AG3/8 COR2,4-45CM",,,12
PGCL40CT24IEAP,"PGCL-25 4-0 AG3/8 COR2,4-70CM",435040TME,,12
PGCL50CT19IAP,"PGCL-25 5-0 AG3/8 COR1,9-45CM",435050XF,XYY495G,12
PL30CT24AP,"POLIPRO 3-0 AG3/8 COR2,4-45CM",,,24
PL40CT19AP,"POLIPRO 4-0 AG3/8 COR1,94-45CM",,P8682T,24
PL50CT16AP,"POLIPRO 5-0 AG3/8 COR1,6-45CM",,,24
ABS10CE65,"ABS PGA 10-0 AG3/8 ESP6,5-10CM",,V960G,12
ABS502YE80,"ABS PGA 5-0 2AG1/4 ESP8,0-45CM",601050,XYJ571G,12
ABS602CE65,"ABS PGA 6-0 2AG3/8 ESP6,5-45CM",,,12
ABS602YE65,"ABS PGA 6-0 2AG1/4 ESP6,5-45CM",651060,XYJ544G,12
ABS602YE80,"ABS PGA 6-0 2AG1/4 ESP8,0-45CM",601060,XYJ570G,12
ABS702CE65,"ABS PGA 7-0 2AG3/8 ESP6,5-45CM",601070E,XYJ546G,12
ABS70CE65,"ABS PGA 7-0 AG3/8 ESP6,5-30CM",,,12
ABS70CR65,"ABS PGA 7-0 AG3/8 CIL6,5-30CM",,,12
ABS802CE65,"ABS PGA 8-0 2AG3/8 ESP6,5-30CM",601080,XYJ548G,12
NL102CE62,"NYLON 10-0 2AG3/8 ESP0,62-30CM",NP5610,,12
NL102CE65,"NYLON 10-0 2AG3/8 ESP0,65-30CM",NP5510,XY7718G,12
NL102CR50ME55,NL10-0 3/8CL5MM 1/2ES55MM-30CM,,,12
NL102ME55,"NYLON 10-0 2AG1/2 ESP0,55-30CM",NP5710,XY9000G,12
NL10CE65,"NYLON 10-0 AG3/8 ESP0,65-20CM",NP5410,7618G,12
NL112CE62,"NYLON 11-0 2AG3/8 ESP0,62-30CM",,,12
NL502YE65,"NYLON 5-0 2AG1/4 ESP0,65-45C",NPK5550D,,12
NL60CT11AP,"NYLON 6-0 AG3/8 COR1,1-45CM",NPXF81360,P697T,24
NL702CE80,"NYLON 7-0 2AG3/8 ESP0,80-45CM",,,12
NL802YE65,"NYLON 8-0 2AG1/4 ESP0,65-30CM",NP6580,XY1714G,12
NL902CE65,"NYLON 9-0 2AG3/8 ESP0,65-30CM",NP6590,XY7717G,12
PEB502YE85,"POLIES 5-0 2AG1/4 ESP0,85-45CM",PL8750,XY1760G,12
PEB602YE80,"POLIES 6-0 2AG1/4 ESP0,80-45CM",PL7960,XY1722G,12
PL102CE65,"POLIP 10-0 2AG3/8 ESP0,65-30CM",PP6510,XY1771G,12
PL102CE65RE16,"POLIP10-0AG3/8ESP0,65-1,6X30CM",,,12
PL102RE16,"POLIPRO 10-0 2AG RETA 1,6-30CM",PP7510,,12
PL102RE16E,"POLIPRO 10-0 2AG RETA 1,6-20CM",,1713G,12
PL702CE80,"POLIPR 7-0 2AG3/8 ESP0,80-45CM",,,12
PL902CE65,"POLIPR 9-0 2AG3/8 ESP0,65-30CM",,,12
PL902CE65RE16,"POLIPRO9-0AGRETA0,65-1,6X30CM",,,12
PL902RE16,"POLIP9-0 2AG 1,6RETA 1,6-30CM",,,12
SD40CR13,"SEDA 4-0 AG3/8 CIL1,3-45CM",SP11440,XY790G,12
SD40CT13,"SEDA 4-0 AG3/8 COR1,3-45CM",SP48440,XY789G,12
SD602CE65,"SEDA 6-0 2 AG3/8 ESP0,65-45CM",SP6060,XY1732G,12
SD702CE65,"SEDA 7-0 2 AG3/8 ESP0,65-45CM",SP6070,XY7733G,12
SD802CE65,"SEDA 8-0 2 AG3/8 ESP0,65-45CM",SP6080,,12
NL30MT17S3,"NYLON 3-0 AG1/2 COR1,7-45CM",NP52330,13503T,24
NL40MT17S3,"NYLON 4-0 AG1/2 COR1,7-45CM",NP52340,13502T,24
NL50MT17S3,"NYLON 5-0 AG1/2 COR1,7-45CM",NP52350,13501T,24
KCZGUT,KIT CESAREA COM CATGUT,KC120,CK120G,12
KOBSCC0,KIT OBS CATGUT CROMADO 0,KO210,KO125G,12
KOBSCC20,KIT OBS CATGUT CROMADO 2-0,KO220,KO124G,12
KOBSCS0,KIT OBS BIOGUT SIMPLES 0,KO110,KO105G,12
KOBSCS20,KIT OBS BIOGUT SIMPLES 2-0,KO120,KO104G,12
KCZABS,KIT CESAREA ABS SINTETICO-PGA,,,12
KCZPGCLE,KIT CESAREA  PGCL SINTETICO,KPM220DE,YCK13G,12
KCZPGLA,KIT CESAREA  PGLA SINTETICO,KPGT120,JCK12G,12
KOBSABS0,KIT OBS ABS SINTETICO 0,,,12
KOBSABS20,KIT OBS ABS SINTETICO 2-0,KOPY120,,12
KNL10SD40,KIT CATARATA-CLASSIC 2 AGULHAS,KD5510,KF410G,12
KNL10SD40E,KIT CATARATA-CLASSIC 1 AGULHA,KS5510,KF310G,12
BKVALPEVB17,KIT TROCA VALVULA CARDIO MR17,VOK720,AKV15G,6
BKVALPEVB22,KIT TROCA VALVULA CARDIO MR22,VMK720,KV15G,6
BKVALPEVB22T,KIT TROCA VALVULA CARDIO MR22T,VMK720AT,EKAT15G,6
BKANGIO,KIT ANGIOPLASTIA,,HK46T,12
BC0CT20,"BC NYLON 0 AG3/8 COR2,0-45CM",,,24
BC0CT25,"BC NYLON 0 AG3/8 COR2,5-45CM",,,24
BC0CT30,"BC NYLON 0 AG3/8 COR3,0-45CM",,,24
BC0CT40,"BC NYLON 0 AG3/8 COR4,0-45CM",,,24
BC1CT30,"BC NYLON 1 AG3/8 COR3,0-45CM",,,24
BC20CT20,"BC NYLON 2-0 AG3/8 COR2,0-45CM",,,24
BC20CT25,"BC NYLON 2-0 AG3/8 COR2,5-45CM",,,24
BC20CT30,"BC NYLON 2-0 AG3/8 COR3,0-45CM",,,24
BC20CT35,"BC NYLON 2-0 AG3/8 COR3,5-45CM",,,24
BC20CT40,"BC NYLON 2-0 AG3/8 COR4,0-45CM",,,24
BC30CT20,"BC NYLON 3-0 AG3/8 COR2,0-45CM",,,24
BC30CT25,"BC NYLON 3-0 AG3/8 COR2,5-45CM",,,24
BC30CT30,"BC NYLON 3-0 AG3/8 COR3,0-45CM",,,24
BC40CT20,"BC NYLON 4-0 AG3/8 COR2,0-45CM",,,24
BC40CT25,"BC NYLON 4-0 AG3/8 COR2,5-45CM",,,24
BC40CT30,"BC NYLON 4-0 AG3/8 COR3,0-45CM",,,24
BC40MT25,"BC NYLON 4-0 AG1/2 COR2,5-45CM",,,24
BC50CT20,"BC NYLON 5-0 AG3/8 COR2,0-45CM",,,24
BC50MT25,"BC NYLON 5-0 AG1/2 COR2,5-45CM",,,24
BC60CT20,"BC NYLON 6-0 AG3/8 COR2,0-45CM",,,24
BC60MT15,"BC NYLON 6-0 AG1/2 COR1,5-45CM",,,24
BC30MT17,"BC NYLON 3-0 AG1/2 COR1,7-45CM",,,24
BC40MT17,"BC NYLON 4-0 AG1/2 COR1,7-45CM",,,24
BC50MT17,"BC NYLON 5-0 AG1/2 COR1,7-45CM",,,24
SBC0CR30G,"BC SEDA 0 AG3/8 CIL3,0-75CM",,,24
SBC20CR30G,"BC SEDA 2-0 AG3/8 CIL3,0-75CM",,,24
SBC30CR30G,"BC SEDA 3-0 AG3/8 CIL3,0-75CM",,,24
SBC20MT17,"BC SEDA 2-0 AG1/2 COR1,7-45CM",,,24
SBC30MT17,"BC SEDA 3-0 AG1/2 COR1,7-45CM",,,24
SBC40MT17,"BC SEDA 4-0 AG1/2 COR1,7-45CM",,,24
SBC50MT17,"BC SEDA 5-0 AG1/2 COR1,7-45CM",,,24
SBC0SA45,BC SEDA 0 S/AG 15X45CM,,,24
SBC1SA45,BC SEDA 1 S/AG 15X45CM,,,24
SBC20SA45,BC SEDA 2-0 S/AG 15X45CM,,,24
SBC30SA45,BC SEDA 3-0 S/AG 15X45CM,,,24
WAXBIO25B,"CERA PARA OSSO WAXBIO 2,5G BAS",COC1000,XYW31G,12
BFCARDIO35X40,"FITA CARDI√ÅCA 3,5MM X 40CM",,,24
BFCARDIO35X80,"FITA CARDIACA 3,5MM X 80CM",FC500,FAB46T,24
BMPL10-10QU,BIOMALHA PL 10X10 QUA UNIL,,XYPMSX1,1
BMPL15-15QU,BIOMALHA PL 15X15 QUA UNIL,PPL1515,XYPMH1,1
BMPL25-35RU,BIOMALHA PL 25X35 RET UNIL,,XYPMLX1,1
BMPL30-30QU,BIOMALHA PL 30X30 QUA UNIL,PPL3030,XYPML1,1
BMPL35-35QU,BIOMALHA PL 35X35 QUA UNIL,,,1
"BMPL7,6-15RU","BIOMALHA PL 7,6X15 RET UNIL",,XYPMII1,1